"","Df","Sum Sq","Mean Sq","F value","Pr(>F)"
"Hours",1,14624.1717372689,14624.1717372689,465.822924670527,9.13262446745979e-17
"Residuals",23,722.068262731136,31.3942722926581,NA,NA
